{"lr": 0.001, "data_time": 0.07463312149047852, "loss": 2.2310495376586914, "decode.loss_ce": 1.5916675329208374, "decode.acc_seg": 19.183349609375, "aux.loss_ce": 0.6393818855285645, "aux.acc_seg": 27.703857421875, "time": 2.473069906234741, "epoch": 1, "iter": 1, "step": 1}
{"aAcc": 87.5, "mIoU": 43.75, "mAcc": 50.0, "data_time": 0.07790207862854004, "time": 0.6240406036376953, "step": 1}
{"lr": 0.0009999797494684233, "data_time": 0.05102694034576416, "loss": 2.08987033367157, "decode.loss_ce": 1.4842047691345215, "decode.acc_seg": 63.386131286621094, "aux.loss_ce": 0.6056655049324036, "aux.acc_seg": 41.48738479614258, "time": 2.283871650695801, "epoch": 2, "iter": 2, "step": 2}
{"aAcc": 87.5, "mIoU": 43.75, "mAcc": 50.0, "data_time": 0.05454611778259277, "time": 0.5755670070648193, "step": 2}
{"lr": 0.0009999594988862176, "data_time": 0.044254700342814125, "loss": 2.085804065068563, "decode.loss_ce": 1.4767873287200928, "decode.acc_seg": 79.4708251953125, "aux.loss_ce": 0.6090166767438253, "aux.acc_seg": 69.3359375, "time": 2.110356648763021, "epoch": 3, "iter": 3, "step": 3}
{"aAcc": 87.5, "mIoU": 43.75, "mAcc": 50.0, "data_time": 0.029083609580993652, "time": 0.49598777294158936, "step": 3}
{"lr": 0.0009999392482533816, "data_time": 0.04080468416213989, "loss": 2.061046063899994, "decode.loss_ce": 1.4552340805530548, "decode.acc_seg": 89.1693115234375, "aux.loss_ce": 0.6058119535446167, "aux.acc_seg": 88.0889892578125, "time": 1.982780396938324, "epoch": 4, "iter": 4, "step": 4}
{"aAcc": 87.5, "mIoU": 43.75, "mAcc": 50.0, "data_time": 0.02670454978942871, "time": 0.5783082246780396, "step": 4}
{"lr": 0.0009999189975699139, "data_time": 0.03861427307128906, "loss": 2.0259796380996704, "decode.loss_ce": 1.4259620904922485, "decode.acc_seg": 89.25914764404297, "aux.loss_ce": 0.6000175237655639, "aux.acc_seg": 88.97396087646484, "time": 1.9376771450042725, "epoch": 5, "iter": 5, "step": 5}
{"aAcc": 87.5, "mIoU": 43.75, "mAcc": 50.0, "data_time": 0.029490947723388672, "time": 0.5135788917541504, "step": 5}
{"lr": 0.0009998987468358132, "data_time": 0.03739078839619955, "loss": 1.9954503575960796, "decode.loss_ce": 1.399265746275584, "decode.acc_seg": 87.4542236328125, "aux.loss_ce": 0.5961845914522806, "aux.acc_seg": 87.4420166015625, "time": 1.8363237380981445, "epoch": 6, "iter": 6, "step": 6}
{"aAcc": 87.5, "mIoU": 43.75, "mAcc": 50.0, "data_time": 0.029678821563720703, "time": 0.331478476524353, "step": 6}
